{
    "timestamp":  "2025-10-21 23:54:28",
    "phase":  "P3.6 - UTF8 Logging + QuantSummary Stable",
    "backend":  "unhealthy",
    "uptimePct":  40,
    "file_hashes":  {
                        "metrics.py":  "172E391",
                        "blueprint.py":  "2E30F01",
                        "utils.py":  "53C7BAE",
                        "quant_engine.py":  "94906CA",
                        "binance_ws_client.py":  "77947D9",
                        "wsgi.py":  "AFEA7F6",
                        "App.jsx":  "FE87D8B",
                        "app.py":  "53EF4EE",
                        "db.py":  "831A0C8",
                        "cli.py":  "040D524",
                        "scraper.py":  "EBDD63F",
                        "config.py":  "974FCEA",
                        "version.py":  "A28548B",
                        "__init__.py":  "D2835BF"
                    }
}