[
    {
        "timestamp":  "2025-10-21T12:12:06",
        "phase":  "P3 - Weighted OI + Top L/S + Alerts",
        "backend":  "healthy",
        "uptimePct":  100.0,
        "total_runtime":  0.0,
        "downtime":  0.0,
        "status":  "active"
    },
    {
        "timestamp":  "2025-10-21T12:17:06",
        "phase":  "P3 - Weighted OI + Top L/S + Alerts",
        "backend":  "healthy",
        "uptimePct":  100.0,
        "total_runtime":  300.0,
        "downtime":  0.0,
        "status":  "active"
    },
    {
        "timestamp":  "2025-10-21T12:18:07",
        "phase":  "P3 - Weighted OI + Top L/S + Alerts",
        "backend":  "healthy",
        "uptimePct":  100.0,
        "total_runtime":  300.0,
        "downtime":  0.0,
        "status":  "active"
    },
    {
        "timestamp":  "2025-10-21T12:20:00",
        "phase":  "P3 - Weighted OI + Top L/S + Alerts",
        "backend":  "healthy",
        "uptimePct":  100.0,
        "total_runtime":  300.0,
        "downtime":  0.0,
        "status":  "active"
    },
    {
        "timestamp":  "2025-10-21 19:39:35",
        "phase":  "P3.6 - UTF8 Logging + QuantSummary Stable",
        "backend":  "unhealthy",
        "hashes":  {
                       "metrics.py":  "172E391",
                       "blueprint.py":  "2E30F01",
                       "utils.py":  "53C7BAE",
                       "quant_engine.py":  "94906CA",
                       "binance_ws_client.py":  "77947D9",
                       "wsgi.py":  "AFEA7F6",
                       "App.jsx":  "100C17D",
                       "app.py":  "53EF4EE",
                       "db.py":  "831A0C8",
                       "cli.py":  "040D524",
                       "scraper.py":  "EBDD63F",
                       "config.py":  "974FCEA",
                       "version.py":  "A28548B",
                       "__init__.py":  "D2835BF"
                   }
    },
    {
        "timestamp":  "2025-10-21 21:33:41",
        "phase":  "P3.6 - UTF8 Logging + QuantSummary Stable",
        "backend":  "unhealthy",
        "hashes":  {
                       "metrics.py":  "172E391",
                       "blueprint.py":  "2E30F01",
                       "utils.py":  "53C7BAE",
                       "quant_engine.py":  "94906CA",
                       "binance_ws_client.py":  "77947D9",
                       "wsgi.py":  "AFEA7F6",
                       "App.jsx":  "FE87D8B",
                       "app.py":  "53EF4EE",
                       "db.py":  "831A0C8",
                       "cli.py":  "040D524",
                       "scraper.py":  "EBDD63F",
                       "config.py":  "974FCEA",
                       "version.py":  "A28548B",
                       "__init__.py":  "D2835BF"
                   }
    },
    {
        "timestamp":  "2025-10-21 22:01:45",
        "phase":  "P3.6 - UTF8 Logging + QuantSummary Stable",
        "backend":  "unhealthy",
        "hashes":  {
                       "metrics.py":  "172E391",
                       "blueprint.py":  "2E30F01",
                       "utils.py":  "53C7BAE",
                       "quant_engine.py":  "94906CA",
                       "binance_ws_client.py":  "77947D9",
                       "wsgi.py":  "AFEA7F6",
                       "App.jsx":  "FE87D8B",
                       "app.py":  "53EF4EE",
                       "db.py":  "831A0C8",
                       "cli.py":  "040D524",
                       "scraper.py":  "EBDD63F",
                       "config.py":  "974FCEA",
                       "version.py":  "A28548B",
                       "__init__.py":  "D2835BF"
                   }
    },
    {
        "timestamp":  "2025-10-21 22:12:56",
        "phase":  "P3.6 - UTF8 Logging + QuantSummary Stable",
        "backend":  "unhealthy",
        "hashes":  {
                       "metrics.py":  "172E391",
                       "blueprint.py":  "2E30F01",
                       "utils.py":  "53C7BAE",
                       "quant_engine.py":  "94906CA",
                       "binance_ws_client.py":  "77947D9",
                       "wsgi.py":  "AFEA7F6",
                       "App.jsx":  "FE87D8B",
                       "app.py":  "53EF4EE",
                       "db.py":  "831A0C8",
                       "cli.py":  "040D524",
                       "scraper.py":  "EBDD63F",
                       "config.py":  "974FCEA",
                       "version.py":  "A28548B",
                       "__init__.py":  "D2835BF"
                   }
    },
    {
        "timestamp":  "2025-10-21 22:32:10",
        "phase":  "P3.6 - UTF8 Logging + QuantSummary Stable",
        "backend":  "unhealthy",
        "hashes":  {
                       "metrics.py":  "172E391",
                       "blueprint.py":  "2E30F01",
                       "utils.py":  "53C7BAE",
                       "quant_engine.py":  "94906CA",
                       "binance_ws_client.py":  "77947D9",
                       "wsgi.py":  "AFEA7F6",
                       "App.jsx":  "FE87D8B",
                       "app.py":  "53EF4EE",
                       "db.py":  "831A0C8",
                       "cli.py":  "040D524",
                       "scraper.py":  "EBDD63F",
                       "config.py":  "974FCEA",
                       "version.py":  "A28548B",
                       "__init__.py":  "D2835BF"
                   }
    },
    {
        "timestamp":  "2025-10-21 23:32:01",
        "phase":  "P3.6 - UTF8 Logging + QuantSummary Stable",
        "backend":  "unhealthy",
        "hashes":  {
                       "metrics.py":  "172E391",
                       "blueprint.py":  "2E30F01",
                       "utils.py":  "53C7BAE",
                       "quant_engine.py":  "94906CA",
                       "binance_ws_client.py":  "77947D9",
                       "wsgi.py":  "AFEA7F6",
                       "App.jsx":  "FE87D8B",
                       "app.py":  "53EF4EE",
                       "db.py":  "831A0C8",
                       "cli.py":  "040D524",
                       "scraper.py":  "EBDD63F",
                       "config.py":  "974FCEA",
                       "version.py":  "A28548B",
                       "__init__.py":  "D2835BF"
                   }
    },
    {
        "timestamp":  "2025-10-21 23:42:15",
        "phase":  "P3.6 - UTF8 Logging + QuantSummary Stable",
        "backend":  "unhealthy",
        "hashes":  {
                       "metrics.py":  "172E391",
                       "blueprint.py":  "2E30F01",
                       "utils.py":  "53C7BAE",
                       "quant_engine.py":  "94906CA",
                       "binance_ws_client.py":  "77947D9",
                       "wsgi.py":  "AFEA7F6",
                       "App.jsx":  "FE87D8B",
                       "app.py":  "53EF4EE",
                       "db.py":  "831A0C8",
                       "cli.py":  "040D524",
                       "scraper.py":  "EBDD63F",
                       "config.py":  "974FCEA",
                       "version.py":  "A28548B",
                       "__init__.py":  "D2835BF"
                   }
    },
    {
        "timestamp":  "2025-10-21 23:46:44",
        "phase":  "P3.6 - UTF8 Logging + QuantSummary Stable",
        "backend":  "unhealthy",
        "hashes":  {
                       "metrics.py":  "172E391",
                       "blueprint.py":  "2E30F01",
                       "utils.py":  "53C7BAE",
                       "quant_engine.py":  "94906CA",
                       "binance_ws_client.py":  "77947D9",
                       "wsgi.py":  "AFEA7F6",
                       "App.jsx":  "FE87D8B",
                       "app.py":  "53EF4EE",
                       "db.py":  "831A0C8",
                       "cli.py":  "040D524",
                       "scraper.py":  "EBDD63F",
                       "config.py":  "974FCEA",
                       "version.py":  "A28548B",
                       "__init__.py":  "D2835BF"
                   }
    },
    {
        "timestamp":  "2025-10-21 23:49:57",
        "phase":  "P3.6 - UTF8 Logging + QuantSummary Stable",
        "backend":  "unhealthy",
        "hashes":  {
                       "metrics.py":  "172E391",
                       "blueprint.py":  "2E30F01",
                       "utils.py":  "53C7BAE",
                       "quant_engine.py":  "94906CA",
                       "binance_ws_client.py":  "77947D9",
                       "wsgi.py":  "AFEA7F6",
                       "App.jsx":  "FE87D8B",
                       "app.py":  "53EF4EE",
                       "db.py":  "831A0C8",
                       "cli.py":  "040D524",
                       "scraper.py":  "EBDD63F",
                       "config.py":  "974FCEA",
                       "version.py":  "A28548B",
                       "__init__.py":  "D2835BF"
                   }
    },
    {
        "timestamp":  "2025-10-21 23:52:13",
        "phase":  "P3.6 - UTF8 Logging + QuantSummary Stable",
        "backend":  "unhealthy",
        "hashes":  {
                       "metrics.py":  "172E391",
                       "blueprint.py":  "2E30F01",
                       "utils.py":  "53C7BAE",
                       "quant_engine.py":  "94906CA",
                       "binance_ws_client.py":  "77947D9",
                       "wsgi.py":  "AFEA7F6",
                       "App.jsx":  "FE87D8B",
                       "app.py":  "53EF4EE",
                       "db.py":  "831A0C8",
                       "cli.py":  "040D524",
                       "scraper.py":  "EBDD63F",
                       "config.py":  "974FCEA",
                       "version.py":  "A28548B",
                       "__init__.py":  "D2835BF"
                   }
    },
    {
        "timestamp":  "2025-10-21 23:54:28",
        "phase":  "P3.6 - UTF8 Logging + QuantSummary Stable",
        "backend":  "unhealthy",
        "hashes":  {
                       "metrics.py":  "172E391",
                       "blueprint.py":  "2E30F01",
                       "utils.py":  "53C7BAE",
                       "quant_engine.py":  "94906CA",
                       "binance_ws_client.py":  "77947D9",
                       "wsgi.py":  "AFEA7F6",
                       "App.jsx":  "FE87D8B",
                       "app.py":  "53EF4EE",
                       "db.py":  "831A0C8",
                       "cli.py":  "040D524",
                       "scraper.py":  "EBDD63F",
                       "config.py":  "974FCEA",
                       "version.py":  "A28548B",
                       "__init__.py":  "D2835BF"
                   }
    }
]